[{"model": "contenttypes.contenttype", "pk": 1, "fields": {"app_label": "admin", "model": "logentry"}}, {"model": "contenttypes.contenttype", "pk": 2, "fields": {"app_label": "auth", "model": "permission"}}, {"model": "contenttypes.contenttype", "pk": 3, "fields": {"app_label": "auth", "model": "group"}}, {"model": "contenttypes.contenttype", "pk": 4, "fields": {"app_label": "auth", "model": "user"}}, {"model": "contenttypes.contenttype", "pk": 5, "fields": {"app_label": "contenttypes", "model": "contenttype"}}, {"model": "contenttypes.contenttype", "pk": 6, "fields": {"app_label": "sessions", "model": "session"}}, {"model": "contenttypes.contenttype", "pk": 7, "fields": {"app_label": "project", "model": "bankaccount"}}, {"model": "contenttypes.contenttype", "pk": 8, "fields": {"app_label": "project", "model": "buyoffer"}}, {"model": "contenttypes.contenttype", "pk": 9, "fields": {"app_label": "project", "model": "image"}}, {"model": "contenttypes.contenttype", "pk": 10, "fields": {"app_label": "project", "model": "myuser"}}, {"model": "contenttypes.contenttype", "pk": 11, "fields": {"app_label": "project", "model": "offer"}}, {"model": "contenttypes.contenttype", "pk": 12, "fields": {"app_label": "project", "model": "product"}}, {"model": "contenttypes.contenttype", "pk": 13, "fields": {"app_label": "project", "model": "tag"}}, {"model": "contenttypes.contenttype", "pk": 14, "fields": {"app_label": "project", "model": "suboffer"}}, {"model": "contenttypes.contenttype", "pk": 15, "fields": {"app_label": "project", "model": "store"}}, {"model": "contenttypes.contenttype", "pk": 16, "fields": {"app_label": "project", "model": "chat"}}, {"model": "contenttypes.contenttype", "pk": 17, "fields": {"app_label": "project", "model": "auction"}}, {"model": "contenttypes.contenttype", "pk": 18, "fields": {"app_label": "project", "model": "shoppingcart"}}, {"model": "contenttypes.contenttype", "pk": 19, "fields": {"app_label": "project", "model": "shoppingoffer"}}, {"model": "contenttypes.contenttype", "pk": 20, "fields": {"app_label": "bank", "model": "bankaccount"}}, {"model": "sessions.session", "pk": "i5l60pvlpll59yemfoy2wrhht2e793e8", "fields": {"session_data": "YjBiMDJlZjA1MTU4NzVlNjkxYjBjMDcxZTYyMTcyYWFkNTM3NzkxZjp7Il9hdXRoX3VzZXJfaWQiOiI0IiwiX2F1dGhfdXNlcl9iYWNrZW5kIjoiZGphbmdvLmNvbnRyaWIuYXV0aC5iYWNrZW5kcy5Nb2RlbEJhY2tlbmQiLCJfYXV0aF91c2VyX2hhc2giOiIzY2Y5OGY3OWRmMzhjNWY1MjgzMDk4NTA0NjNkZWY3NzM4Y2JjNmQ2In0=", "expire_date": "2020-11-18T18:21:21.679Z"}}, {"model": "sessions.session", "pk": "oxo2xu5i8itmljsoipjsl0yytnc3r0bv", "fields": {"session_data": "MDI1YzliMTQ5ODRjZDVlYTY4N2MxZDJlZjZhMDBkY2JkMmE5ZjQzMzp7Il9hdXRoX3VzZXJfaWQiOiIxIiwiX2F1dGhfdXNlcl9iYWNrZW5kIjoiZGphbmdvLmNvbnRyaWIuYXV0aC5iYWNrZW5kcy5Nb2RlbEJhY2tlbmQiLCJfYXV0aF91c2VyX2hhc2giOiJmNDc4MTQ2YjI0OWIzZjc5OWQ0YzBmNGY1ODcyNzEyMDU1YzE0ZGM0In0=", "expire_date": "2020-11-18T17:42:33.473Z"}}, {"model": "project.tag", "pk": 1, "fields": {"Tag": "Pan"}}, {"model": "project.tag", "pk": 2, "fields": {"Tag": "Comida"}}, {"model": "project.tag", "pk": 3, "fields": {"Tag": "Libro"}}, {"model": "project.tag", "pk": 4, "fields": {"Tag": "Herramienta"}}, {"model": "project.tag", "pk": 5, "fields": {"Tag": "Ferreteria"}}, {"model": "project.tag", "pk": 6, "fields": {"Tag": "Panaderia"}}, {"model": "project.tag", "pk": 7, "fields": {"Tag": "Libreria"}}, {"model": "project.product", "pk": 1, "fields": {"Store_Amount": 100, "Store": 2, "Name": "pan1", "Description": "Pan 1", "Images": [9], "Tags": [1, 2]}}, {"model": "project.product", "pk": 2, "fields": {"Store_Amount": 100, "Store": 2, "Name": "pan2", "Description": "Pan 2", "Images": [10], "Tags": [1, 2]}}, {"model": "project.product", "pk": 3, "fields": {"Store_Amount": 100, "Store": 2, "Name": "pan3", "Description": "Pan 3", "Images": [11], "Tags": [1, 2]}}, {"model": "project.product", "pk": 4, "fields": {"Store_Amount": 20, "Store": 1, "Name": "Alicia: A trav\u00e9s del espejo", "Description": "Famoso libro Lewis Carroll", "Images": [3], "Tags": [3]}}, {"model": "project.product", "pk": 5, "fields": {"Store_Amount": 20, "Store": 1, "Name": "Harry Potter: Half Blood Prince", "Description": "Sexto libro de la famosa saga", "Images": [4], "Tags": [3]}}, {"model": "project.product", "pk": 6, "fields": {"Store_Amount": 20, "Store": 1, "Name": "C\u00f3digo Da Vinci", "Description": "Misterio de Dan Brown", "Images": [5], "Tags": [3]}}, {"model": "project.product", "pk": 7, "fields": {"Store_Amount": 20, "Store": 1, "Name": "Mujercitas", "Description": "Historia emocionante de Louisa May Alcott", "Images": [6], "Tags": [3]}}, {"model": "project.product", "pk": 8, "fields": {"Store_Amount": 50, "Store": 3, "Name": "Taladro", "Description": "Taladro rojo potente", "Images": [13], "Tags": [4]}}, {"model": "project.product", "pk": 9, "fields": {"Store_Amount": 50, "Store": 3, "Name": "Alicate", "Description": "Alicate rojo con cobertura de goma", "Images": [14], "Tags": [4]}}, {"model": "project.product", "pk": 10, "fields": {"Store_Amount": 50, "Store": 3, "Name": "Martillo", "Description": "Martillo azul de cabo largo", "Images": [15], "Tags": [4]}}, {"model": "project.suboffer", "pk": 1, "fields": {"Product_offer": 1, "Amount": 5}}, {"model": "project.suboffer", "pk": 2, "fields": {"Product_offer": 1, "Amount": 1}}, {"model": "project.suboffer", "pk": 3, "fields": {"Product_offer": 2, "Amount": 1}}, {"model": "project.suboffer", "pk": 4, "fields": {"Product_offer": 3, "Amount": 1}}, {"model": "project.suboffer", "pk": 5, "fields": {"Product_offer": 4, "Amount": 1}}, {"model": "project.suboffer", "pk": 6, "fields": {"Product_offer": 5, "Amount": 1}}, {"model": "project.suboffer", "pk": 7, "fields": {"Product_offer": 6, "Amount": 1}}, {"model": "project.suboffer", "pk": 8, "fields": {"Product_offer": 7, "Amount": 1}}, {"model": "project.suboffer", "pk": 9, "fields": {"Product_offer": 8, "Amount": 1}}, {"model": "project.suboffer", "pk": 10, "fields": {"Product_offer": 9, "Amount": 1}}, {"model": "project.suboffer", "pk": 11, "fields": {"Product_offer": 10, "Amount": 1}}, {"model": "project.offer", "pk": 1, "fields": {"Price": 100.0, "Offer_name": "Panes", "Offer_description": "Se venden 5 panes", "Store": 2, "Images": [9], "Tags": [1, 2], "Suboffer": [1]}}, {"model": "project.offer", "pk": 2, "fields": {"Price": 350.0, "Offer_name": "Combo de panes", "Offer_description": "Se vende tres tipos de panes", "Store": 2, "Images": [9, 10, 11], "Tags": [1, 2], "Suboffer": [2, 3, 4]}}, {"model": "project.offer", "pk": 3, "fields": {"Price": 50.0, "Offer_name": "Pan de molde", "Offer_description": "Se vende un pan de molde", "Store": 2, "Images": [10], "Tags": [1, 2], "Suboffer": [3]}}, {"model": "project.offer", "pk": 4, "fields": {"Price": 50.0, "Offer_name": "Pan duro", "Offer_description": "Se vende un pan de duro", "Store": 2, "Images": [11], "Tags": [1, 2], "Suboffer": [4]}}, {"model": "project.offer", "pk": 5, "fields": {"Price": 500.0, "Offer_name": "Alicia: A trav\u00e9s del espejo", "Offer_description": "Se vende un ejemplar del libro", "Store": 1, "Images": [3], "Tags": [3], "Suboffer": [5]}}, {"model": "project.offer", "pk": 6, "fields": {"Price": 500.0, "Offer_name": "Harry Potter: Half Blood Prince", "Offer_description": "Se vende un ejemplar del libro", "Store": 1, "Images": [4], "Tags": [3], "Suboffer": [6]}}, {"model": "project.offer", "pk": 7, "fields": {"Price": 500.0, "Offer_name": "C\u00f3digo Da Vinci", "Offer_description": "Se vende un ejemplar del libro", "Store": 1, "Images": [5], "Tags": [3], "Suboffer": [7]}}, {"model": "project.offer", "pk": 8, "fields": {"Price": 500.0, "Offer_name": "Mujercitas", "Offer_description": "Se vende un ejemplar del libro", "Store": 1, "Images": [6], "Tags": [3], "Suboffer": [8]}}, {"model": "project.offer", "pk": 9, "fields": {"Price": 900.0, "Offer_name": "Mujercitas y Alicia", "Offer_description": "Se vende un ejemplar de cada libro", "Store": 1, "Images": [3, 6], "Tags": [3], "Suboffer": [5, 8]}}, {"model": "project.offer", "pk": 10, "fields": {"Price": 800.0, "Offer_name": "C\u00f3digo Da Vinci y Harry Potter", "Offer_description": "Se vende un ejemplar de cada libro", "Store": 1, "Images": [4, 5], "Tags": [3], "Suboffer": [6, 7]}}, {"model": "project.offer", "pk": 11, "fields": {"Price": 1000.0, "Offer_name": "Taladro", "Offer_description": "Se vende un Taladro", "Store": 3, "Images": [13], "Tags": [4], "Suboffer": [9]}}, {"model": "project.offer", "pk": 12, "fields": {"Price": 700.0, "Offer_name": "Alicate", "Offer_description": "Se vende un Alicate", "Store": 3, "Images": [14], "Tags": [4], "Suboffer": [10]}}, {"model": "project.offer", "pk": 13, "fields": {"Price": 750.0, "Offer_name": "Martillo", "Offer_description": "Se vende un Martillo", "Store": 3, "Images": [15], "Tags": [4], "Suboffer": [11]}}, {"model": "project.offer", "pk": 14, "fields": {"Price": 2200.0, "Offer_name": "Kit Completo", "Offer_description": "Se vende un Martillo, Taladro y Alicate", "Store": 3, "Images": [13, 14, 15], "Tags": [4], "Suboffer": [9, 10, 11]}}, {"model": "project.shoppingcart", "pk": 1, "fields": {}}, {"model": "project.shoppingcart", "pk": 2, "fields": {}}, {"model": "project.shoppingcart", "pk": 3, "fields": {}}, {"model": "project.shoppingcart", "pk": 4, "fields": {}}, {"model": "bank.bankaccount", "pk": 2, "fields": {"Name": "test account", "Number": 5000, "Password": "123456789", "Money": 100000.0}}, {"model": "bank.bankaccount", "pk": 3, "fields": {"Name": "test2 account", "Number": 5001, "Password": "123456789", "Money": 1000000.0}}, {"model": "bank.bankaccount", "pk": 4, "fields": {"Name": "test3 account", "Number": 5002, "Password": "123456789", "Money": 1000000.0}}, {"model": "auth.permission", "pk": 1, "fields": {"name": "Can add log entry", "content_type": 1, "codename": "add_logentry"}}, {"model": "auth.permission", "pk": 2, "fields": {"name": "Can change log entry", "content_type": 1, "codename": "change_logentry"}}, {"model": "auth.permission", "pk": 3, "fields": {"name": "Can delete log entry", "content_type": 1, "codename": "delete_logentry"}}, {"model": "auth.permission", "pk": 4, "fields": {"name": "Can view log entry", "content_type": 1, "codename": "view_logentry"}}, {"model": "auth.permission", "pk": 5, "fields": {"name": "Can add permission", "content_type": 2, "codename": "add_permission"}}, {"model": "auth.permission", "pk": 6, "fields": {"name": "Can change permission", "content_type": 2, "codename": "change_permission"}}, {"model": "auth.permission", "pk": 7, "fields": {"name": "Can delete permission", "content_type": 2, "codename": "delete_permission"}}, {"model": "auth.permission", "pk": 8, "fields": {"name": "Can view permission", "content_type": 2, "codename": "view_permission"}}, {"model": "auth.permission", "pk": 9, "fields": {"name": "Can add group", "content_type": 3, "codename": "add_group"}}, {"model": "auth.permission", "pk": 10, "fields": {"name": "Can change group", "content_type": 3, "codename": "change_group"}}, {"model": "auth.permission", "pk": 11, "fields": {"name": "Can delete group", "content_type": 3, "codename": "delete_group"}}, {"model": "auth.permission", "pk": 12, "fields": {"name": "Can view group", "content_type": 3, "codename": "view_group"}}, {"model": "auth.permission", "pk": 13, "fields": {"name": "Can add user", "content_type": 4, "codename": "add_user"}}, {"model": "auth.permission", "pk": 14, "fields": {"name": "Can change user", "content_type": 4, "codename": "change_user"}}, {"model": "auth.permission", "pk": 15, "fields": {"name": "Can delete user", "content_type": 4, "codename": "delete_user"}}, {"model": "auth.permission", "pk": 16, "fields": {"name": "Can view user", "content_type": 4, "codename": "view_user"}}, {"model": "auth.permission", "pk": 17, "fields": {"name": "Can add content type", "content_type": 5, "codename": "add_contenttype"}}, {"model": "auth.permission", "pk": 18, "fields": {"name": "Can change content type", "content_type": 5, "codename": "change_contenttype"}}, {"model": "auth.permission", "pk": 19, "fields": {"name": "Can delete content type", "content_type": 5, "codename": "delete_contenttype"}}, {"model": "auth.permission", "pk": 20, "fields": {"name": "Can view content type", "content_type": 5, "codename": "view_contenttype"}}, {"model": "auth.permission", "pk": 21, "fields": {"name": "Can add session", "content_type": 6, "codename": "add_session"}}, {"model": "auth.permission", "pk": 22, "fields": {"name": "Can change session", "content_type": 6, "codename": "change_session"}}, {"model": "auth.permission", "pk": 23, "fields": {"name": "Can delete session", "content_type": 6, "codename": "delete_session"}}, {"model": "auth.permission", "pk": 24, "fields": {"name": "Can view session", "content_type": 6, "codename": "view_session"}}, {"model": "auth.permission", "pk": 25, "fields": {"name": "Can add bank account", "content_type": 7, "codename": "add_bankaccount"}}, {"model": "auth.permission", "pk": 26, "fields": {"name": "Can change bank account", "content_type": 7, "codename": "change_bankaccount"}}, {"model": "auth.permission", "pk": 27, "fields": {"name": "Can delete bank account", "content_type": 7, "codename": "delete_bankaccount"}}, {"model": "auth.permission", "pk": 28, "fields": {"name": "Can view bank account", "content_type": 7, "codename": "view_bankaccount"}}, {"model": "auth.permission", "pk": 29, "fields": {"name": "Can add buy offer", "content_type": 8, "codename": "add_buyoffer"}}, {"model": "auth.permission", "pk": 30, "fields": {"name": "Can change buy offer", "content_type": 8, "codename": "change_buyoffer"}}, {"model": "auth.permission", "pk": 31, "fields": {"name": "Can delete buy offer", "content_type": 8, "codename": "delete_buyoffer"}}, {"model": "auth.permission", "pk": 32, "fields": {"name": "Can view buy offer", "content_type": 8, "codename": "view_buyoffer"}}, {"model": "auth.permission", "pk": 33, "fields": {"name": "Can add image", "content_type": 9, "codename": "add_image"}}, {"model": "auth.permission", "pk": 34, "fields": {"name": "Can change image", "content_type": 9, "codename": "change_image"}}, {"model": "auth.permission", "pk": 35, "fields": {"name": "Can delete image", "content_type": 9, "codename": "delete_image"}}, {"model": "auth.permission", "pk": 36, "fields": {"name": "Can view image", "content_type": 9, "codename": "view_image"}}, {"model": "auth.permission", "pk": 37, "fields": {"name": "Can add user", "content_type": 10, "codename": "add_myuser"}}, {"model": "auth.permission", "pk": 38, "fields": {"name": "Can change user", "content_type": 10, "codename": "change_myuser"}}, {"model": "auth.permission", "pk": 39, "fields": {"name": "Can delete user", "content_type": 10, "codename": "delete_myuser"}}, {"model": "auth.permission", "pk": 40, "fields": {"name": "Can view user", "content_type": 10, "codename": "view_myuser"}}, {"model": "auth.permission", "pk": 41, "fields": {"name": "Can add offer", "content_type": 11, "codename": "add_offer"}}, {"model": "auth.permission", "pk": 42, "fields": {"name": "Can change offer", "content_type": 11, "codename": "change_offer"}}, {"model": "auth.permission", "pk": 43, "fields": {"name": "Can delete offer", "content_type": 11, "codename": "delete_offer"}}, {"model": "auth.permission", "pk": 44, "fields": {"name": "Can view offer", "content_type": 11, "codename": "view_offer"}}, {"model": "auth.permission", "pk": 45, "fields": {"name": "Can add product", "content_type": 12, "codename": "add_product"}}, {"model": "auth.permission", "pk": 46, "fields": {"name": "Can change product", "content_type": 12, "codename": "change_product"}}, {"model": "auth.permission", "pk": 47, "fields": {"name": "Can delete product", "content_type": 12, "codename": "delete_product"}}, {"model": "auth.permission", "pk": 48, "fields": {"name": "Can view product", "content_type": 12, "codename": "view_product"}}, {"model": "auth.permission", "pk": 49, "fields": {"name": "Can add tag", "content_type": 13, "codename": "add_tag"}}, {"model": "auth.permission", "pk": 50, "fields": {"name": "Can change tag", "content_type": 13, "codename": "change_tag"}}, {"model": "auth.permission", "pk": 51, "fields": {"name": "Can delete tag", "content_type": 13, "codename": "delete_tag"}}, {"model": "auth.permission", "pk": 52, "fields": {"name": "Can view tag", "content_type": 13, "codename": "view_tag"}}, {"model": "auth.permission", "pk": 53, "fields": {"name": "Can add sub offer", "content_type": 14, "codename": "add_suboffer"}}, {"model": "auth.permission", "pk": 54, "fields": {"name": "Can change sub offer", "content_type": 14, "codename": "change_suboffer"}}, {"model": "auth.permission", "pk": 55, "fields": {"name": "Can delete sub offer", "content_type": 14, "codename": "delete_suboffer"}}, {"model": "auth.permission", "pk": 56, "fields": {"name": "Can view sub offer", "content_type": 14, "codename": "view_suboffer"}}, {"model": "auth.permission", "pk": 57, "fields": {"name": "Can add store", "content_type": 15, "codename": "add_store"}}, {"model": "auth.permission", "pk": 58, "fields": {"name": "Can change store", "content_type": 15, "codename": "change_store"}}, {"model": "auth.permission", "pk": 59, "fields": {"name": "Can delete store", "content_type": 15, "codename": "delete_store"}}, {"model": "auth.permission", "pk": 60, "fields": {"name": "Can view store", "content_type": 15, "codename": "view_store"}}, {"model": "auth.permission", "pk": 61, "fields": {"name": "Can add chat", "content_type": 16, "codename": "add_chat"}}, {"model": "auth.permission", "pk": 62, "fields": {"name": "Can change chat", "content_type": 16, "codename": "change_chat"}}, {"model": "auth.permission", "pk": 63, "fields": {"name": "Can delete chat", "content_type": 16, "codename": "delete_chat"}}, {"model": "auth.permission", "pk": 64, "fields": {"name": "Can view chat", "content_type": 16, "codename": "view_chat"}}, {"model": "auth.permission", "pk": 65, "fields": {"name": "Can add auction", "content_type": 17, "codename": "add_auction"}}, {"model": "auth.permission", "pk": 66, "fields": {"name": "Can change auction", "content_type": 17, "codename": "change_auction"}}, {"model": "auth.permission", "pk": 67, "fields": {"name": "Can delete auction", "content_type": 17, "codename": "delete_auction"}}, {"model": "auth.permission", "pk": 68, "fields": {"name": "Can view auction", "content_type": 17, "codename": "view_auction"}}, {"model": "auth.permission", "pk": 69, "fields": {"name": "Can add shopping cart", "content_type": 18, "codename": "add_shoppingcart"}}, {"model": "auth.permission", "pk": 70, "fields": {"name": "Can change shopping cart", "content_type": 18, "codename": "change_shoppingcart"}}, {"model": "auth.permission", "pk": 71, "fields": {"name": "Can delete shopping cart", "content_type": 18, "codename": "delete_shoppingcart"}}, {"model": "auth.permission", "pk": 72, "fields": {"name": "Can view shopping cart", "content_type": 18, "codename": "view_shoppingcart"}}, {"model": "auth.permission", "pk": 73, "fields": {"name": "Can add shopping offer", "content_type": 19, "codename": "add_shoppingoffer"}}, {"model": "auth.permission", "pk": 74, "fields": {"name": "Can change shopping offer", "content_type": 19, "codename": "change_shoppingoffer"}}, {"model": "auth.permission", "pk": 75, "fields": {"name": "Can delete shopping offer", "content_type": 19, "codename": "delete_shoppingoffer"}}, {"model": "auth.permission", "pk": 76, "fields": {"name": "Can view shopping offer", "content_type": 19, "codename": "view_shoppingoffer"}}, {"model": "auth.permission", "pk": 77, "fields": {"name": "Can add bank account", "content_type": 20, "codename": "add_bankaccount"}}, {"model": "auth.permission", "pk": 78, "fields": {"name": "Can change bank account", "content_type": 20, "codename": "change_bankaccount"}}, {"model": "auth.permission", "pk": 79, "fields": {"name": "Can delete bank account", "content_type": 20, "codename": "delete_bankaccount"}}, {"model": "auth.permission", "pk": 80, "fields": {"name": "Can view bank account", "content_type": 20, "codename": "view_bankaccount"}}, {"model": "auth.group", "pk": 1, "fields": {"name": "UserGroup", "permissions": [77, 78, 79, 80, 65, 66, 67, 68, 25, 26, 27, 28, 29, 30, 31, 32, 61, 62, 63, 64, 33, 34, 35, 36, 38, 39, 40, 41, 42, 43, 44, 45, 46, 47, 48, 69, 70, 71, 72, 73, 74, 75, 76, 57, 58, 59, 60, 53, 54, 55, 56, 52]}}, {"model": "auth.user", "pk": 1, "fields": {"password": "pbkdf2_sha256$180000$crOnKBT1dvGQ$iCcVJLVq8x7xlXEbgtNtdt58EZl5MRtL90XBSCaXkjc=", "last_login": "2020-11-04T17:42:33.267Z", "is_superuser": true, "username": "admin", "first_name": "", "last_name": "", "email": "luise98cu@gmail.com", "is_staff": true, "is_active": true, "date_joined": "2020-11-04T13:40:24.432Z", "groups": [], "user_permissions": []}}, {"model": "auth.user", "pk": 2, "fields": {"password": "pbkdf2_sha256$180000$6xySXTJ5yODa$UEIikqAteuzbqUUyb1njZRoVgMJZS9ENqru1YhXsZBo=", "last_login": "2020-11-04T17:57:54.485Z", "is_superuser": false, "username": "test", "first_name": "test", "last_name": "test", "email": "test@gmail.com", "is_staff": false, "is_active": true, "date_joined": "2020-11-04T15:17:36.898Z", "groups": [1], "user_permissions": []}}, {"model": "auth.user", "pk": 3, "fields": {"password": "pbkdf2_sha256$180000$gPS0Cxuy0s22$LvLWhP7aBdbCXjXZABOIT4smoP1TYopLA31Ukwz1c7U=", "last_login": "2020-11-04T17:22:28.670Z", "is_superuser": false, "username": "test2", "first_name": "test2", "last_name": "test2", "email": "test2@gmail.com", "is_staff": false, "is_active": true, "date_joined": "2020-11-04T17:22:15.772Z", "groups": [1], "user_permissions": []}}, {"model": "auth.user", "pk": 4, "fields": {"password": "pbkdf2_sha256$180000$Vn3aWytrpcG1$kCQG/rwIcAQ89qnWA3c4iw1Nw4eIRw5w77WVcOJIQD0=", "last_login": "2020-11-04T18:21:21.498Z", "is_superuser": false, "username": "test3", "first_name": "test3", "last_name": "test3", "email": "test3@gmail.com", "is_staff": false, "is_active": true, "date_joined": "2020-11-04T18:21:06.709Z", "groups": [1], "user_permissions": []}}, {"model": "project.myuser", "pk": 2, "fields": {"Description": "usuario de prueba", "Phone": null, "Cart": 2, "Images": [1], "Tags": []}}, {"model": "project.myuser", "pk": 3, "fields": {"Description": "", "Phone": 85274196, "Cart": 3, "Images": [7], "Tags": []}}, {"model": "project.myuser", "pk": 4, "fields": {"Description": "", "Phone": null, "Cart": 4, "Images": [12], "Tags": []}}, {"model": "project.bankaccount", "pk": 1, "fields": {"MyUser": 2, "Account": 5000}}, {"model": "project.bankaccount", "pk": 2, "fields": {"MyUser": 3, "Account": 5001}}, {"model": "project.bankaccount", "pk": 3, "fields": {"MyUser": 4, "Account": 5002}}, {"model": "project.store", "pk": 1, "fields": {"Name": "Libreria", "Create_Date": "2020-11-04T16:18:00.786Z", "Email": "test@store.gmail.com", "Owner": 2, "Description": "Se venden libros", "Phone": 55226321, "Bank_Account": 1, "Images": [2], "Tags": [3, 7]}}, {"model": "project.store", "pk": 2, "fields": {"Name": "Panaderia", "Create_Date": "2020-11-04T17:29:04.660Z", "Email": "pan@gmail.com", "Owner": 3, "Description": "Se venden panes", "Phone": 45678213, "Bank_Account": 2, "Images": [8], "Tags": [1, 2, 6]}}, {"model": "project.store", "pk": 3, "fields": {"Name": "Ferreter\u00eda", "Create_Date": "2020-11-04T18:38:16.777Z", "Email": "ferreteria@gmail.com", "Owner": 4, "Description": "Se venden herramientas", "Phone": 654569879, "Bank_Account": 3, "Images": [16], "Tags": [4, 5]}}, {"model": "project.chat", "pk": 1, "fields": {"sender_user": 4, "receiver_user": 2, "Date": "2020-11-04T18:56:57.085Z", "Message": "Hello test", "type": "N"}}, {"model": "project.image", "pk": 1, "fields": {"ImageName": "test profile", "Image": "images/GGmm7.jpg", "Owner": 2}}, {"model": "project.image", "pk": 2, "fields": {"ImageName": "libreria", "Image": "images/tienda1.jpeg", "Owner": 2}}, {"model": "project.image", "pk": 3, "fields": {"ImageName": "libro1", "Image": "images/libro1.jpeg", "Owner": 2}}, {"model": "project.image", "pk": 4, "fields": {"ImageName": "libro2", "Image": "images/libro2.jpeg", "Owner": 2}}, {"model": "project.image", "pk": 5, "fields": {"ImageName": "libro3", "Image": "images/libro3.jpeg", "Owner": 2}}, {"model": "project.image", "pk": 6, "fields": {"ImageName": "libro4", "Image": "images/libro4.jpeg", "Owner": 2}}, {"model": "project.image", "pk": 7, "fields": {"ImageName": "test2 profile", "Image": "images/q2SdL.png", "Owner": 3}}, {"model": "project.image", "pk": 8, "fields": {"ImageName": "panaderia", "Image": "images/tienda2.jpg", "Owner": 3}}, {"model": "project.image", "pk": 9, "fields": {"ImageName": "pan1", "Image": "images/pan1.jpeg", "Owner": 3}}, {"model": "project.image", "pk": 10, "fields": {"ImageName": "pan2", "Image": "images/pan2.jpeg", "Owner": 3}}, {"model": "project.image", "pk": 11, "fields": {"ImageName": "pan3", "Image": "images/pan3.jpeg", "Owner": 3}}, {"model": "project.image", "pk": 12, "fields": {"ImageName": "test3 profile", "Image": "images/mS2LD.png", "Owner": 4}}, {"model": "project.image", "pk": 13, "fields": {"ImageName": "herramienta1", "Image": "images/herramienta1.jpeg", "Owner": 4}}, {"model": "project.image", "pk": 14, "fields": {"ImageName": "herramienta2", "Image": "images/herramienta2.jpeg", "Owner": 4}}, {"model": "project.image", "pk": 15, "fields": {"ImageName": "herramienta3", "Image": "images/herramienta3.jpeg", "Owner": 4}}, {"model": "project.image", "pk": 16, "fields": {"ImageName": "ferreteria", "Image": "images/tienda3.jpeg", "Owner": 4}}, {"model": "admin.logentry", "pk": 1, "fields": {"action_time": "2020-11-04T15:20:57.144Z", "user": 1, "content_type": 3, "object_id": "1", "object_repr": "UserGroup", "action_flag": 2, "change_message": "[{\"changed\": {\"fields\": [\"Permissions\"]}}]"}}, {"model": "admin.logentry", "pk": 2, "fields": {"action_time": "2020-11-04T17:42:48.877Z", "user": 1, "content_type": 13, "object_id": "1", "object_repr": "Pan", "action_flag": 1, "change_message": "[{\"added\": {}}]"}}, {"model": "admin.logentry", "pk": 3, "fields": {"action_time": "2020-11-04T17:42:59.719Z", "user": 1, "content_type": 13, "object_id": "2", "object_repr": "Comida", "action_flag": 1, "change_message": "[{\"added\": {}}]"}}, {"model": "admin.logentry", "pk": 4, "fields": {"action_time": "2020-11-04T17:43:32.351Z", "user": 1, "content_type": 13, "object_id": "3", "object_repr": "Libro", "action_flag": 1, "change_message": "[{\"added\": {}}]"}}, {"model": "admin.logentry", "pk": 5, "fields": {"action_time": "2020-11-04T17:43:53.358Z", "user": 1, "content_type": 13, "object_id": "4", "object_repr": "herramienta", "action_flag": 1, "change_message": "[{\"added\": {}}]"}}, {"model": "admin.logentry", "pk": 6, "fields": {"action_time": "2020-11-04T17:44:08.869Z", "user": 1, "content_type": 13, "object_id": "5", "object_repr": "ferreteria", "action_flag": 1, "change_message": "[{\"added\": {}}]"}}, {"model": "admin.logentry", "pk": 7, "fields": {"action_time": "2020-11-04T17:44:23.256Z", "user": 1, "content_type": 13, "object_id": "4", "object_repr": "Herramienta", "action_flag": 2, "change_message": "[{\"changed\": {\"fields\": [\"Tag\"]}}]"}}, {"model": "admin.logentry", "pk": 8, "fields": {"action_time": "2020-11-04T17:44:32.140Z", "user": 1, "content_type": 13, "object_id": "5", "object_repr": "Ferreteria", "action_flag": 2, "change_message": "[{\"changed\": {\"fields\": [\"Tag\"]}}]"}}, {"model": "admin.logentry", "pk": 9, "fields": {"action_time": "2020-11-04T17:45:03.822Z", "user": 1, "content_type": 13, "object_id": "6", "object_repr": "Panaderia", "action_flag": 1, "change_message": "[{\"added\": {}}]"}}, {"model": "admin.logentry", "pk": 10, "fields": {"action_time": "2020-11-04T18:02:33.183Z", "user": 1, "content_type": 13, "object_id": "7", "object_repr": "Libreria", "action_flag": 1, "change_message": "[{\"added\": {}}]"}}]